user_id,Product_id,action
User_1,8,click
User_1,7,buy
User_1,19,view
User_1,20,click
User_1,5,buy
User_1,4,click
User_1,17,view
User_1,5,buy
User_1,2,click
User_1,20,buy
User_1,15,click
User_1,7,view
User_1,7,view
User_2,18,buy
User_2,19,click
User_2,9,buy
User_2,10,buy
User_2,11,view
User_2,9,buy
User_3,15,view
User_3,2,buy
User_3,9,click
User_3,3,view
User_3,17,click
User_3,20,buy
User_3,4,buy
User_3,11,click
User_3,2,view
User_3,13,view
User_3,8,buy
User_3,13,click
User_3,10,view
User_3,3,click
User_4,9,click
User_4,20,buy
User_4,3,buy
User_4,17,view
User_4,9,click
User_4,7,buy
User_4,16,view
User_4,11,view
User_4,6,view
User_4,2,buy
User_4,1,view
User_5,3,view
User_5,2,click
User_5,2,click
User_5,13,view
User_5,14,buy
User_5,18,buy
User_5,15,view
User_5,4,click
User_5,2,buy
User_5,12,view
User_5,7,buy
User_5,17,view
User_5,9,buy
User_5,18,click
User_5,5,click
User_6,2,click
User_6,7,view
User_6,2,buy
User_6,12,view
User_6,4,buy
User_6,14,view
User_6,16,buy
User_6,4,view
User_6,8,view
User_6,20,click
User_6,14,buy
User_6,11,click
User_6,14,view
User_6,3,view
User_6,12,click
User_7,7,click
User_7,19,click
User_7,2,buy
User_7,12,click
User_7,19,view
User_8,16,view
User_8,7,buy
User_8,20,click
User_8,6,buy
User_8,16,buy
User_9,6,click
User_9,5,click
User_9,1,buy
User_9,3,click
User_9,11,buy
User_9,1,click
User_9,18,view
User_9,8,buy
User_9,8,view
User_10,7,buy
User_10,12,click
User_10,5,click
User_10,7,buy
User_10,11,buy
User_10,13,buy
User_10,3,buy
User_10,18,click
User_10,11,buy
User_10,6,view
User_11,5,buy
User_11,18,click
User_11,19,click
User_11,20,view
User_11,15,buy
User_11,1,buy
User_11,15,buy
User_11,18,view
User_11,3,view
User_11,16,click
User_11,17,buy
User_11,18,view
User_11,6,buy
User_11,13,buy
User_12,16,view
User_12,11,click
User_12,20,click
User_12,13,buy
User_12,5,click
User_12,9,view
User_12,7,view
User_12,2,view
User_12,13,click
User_12,8,click
User_12,4,click
User_12,20,view
User_12,12,view
User_12,13,click
User_12,15,click
User_13,2,click
User_13,13,view
User_13,16,click
User_13,10,click
User_13,7,view
User_14,11,buy
User_14,9,click
User_14,8,view
User_14,19,buy
User_14,16,buy
User_15,8,click
User_15,2,view
User_15,15,view
User_15,17,view
User_15,4,view
User_15,10,buy
User_15,13,click
User_15,15,buy
User_15,2,view
User_15,13,click
User_15,15,view
User_15,16,view
User_15,14,view
User_15,17,buy
User_15,18,click
User_16,11,buy
User_16,5,click
User_16,20,view
User_16,9,view
User_16,11,buy
User_16,10,buy
User_16,12,click
User_16,12,click
User_16,19,view
User_16,11,click
User_16,7,view
User_16,6,click
User_17,9,buy
User_17,18,buy
User_17,3,buy
User_17,7,view
User_17,15,view
User_17,11,view
User_18,3,click
User_18,9,view
User_18,14,buy
User_18,12,click
User_18,10,view
User_18,3,click
User_19,16,buy
User_19,15,click
User_19,4,buy
User_19,7,click
User_19,18,buy
User_19,5,click
User_19,11,buy
User_19,16,click
User_19,6,view
User_19,9,view
User_19,15,click
User_19,19,buy
User_19,13,buy
User_20,16,buy
User_20,10,buy
User_20,3,view
User_20,17,click
User_20,9,click
User_20,17,click
User_21,8,view
User_21,19,view
User_21,14,view
User_21,10,buy
User_21,2,view
User_21,18,view
User_21,14,click
User_21,12,view
User_21,15,click
User_22,12,click
User_22,2,click
User_22,1,click
User_22,10,click
User_22,13,view
User_22,17,click
User_22,3,click
User_22,2,click
User_22,16,buy
User_23,10,click
User_23,12,view
User_23,15,buy
User_23,1,click
User_23,3,click
User_24,3,view
User_24,18,view
User_24,7,buy
User_24,6,click
User_24,4,view
User_24,20,view
User_24,6,view
User_24,13,click
User_24,14,view
User_25,17,buy
User_25,15,click
User_25,17,click
User_25,19,view
User_25,5,view
User_25,4,view
User_25,20,click
User_25,12,click
User_25,5,view
User_25,11,view
User_25,2,click
User_25,8,click
User_25,9,view
User_26,1,view
User_26,3,buy
User_26,6,view
User_26,13,buy
User_26,7,view
User_26,18,buy
User_26,20,click
User_27,19,view
User_27,12,buy
User_27,6,view
User_27,9,view
User_27,5,buy
User_27,9,click
User_27,17,view
User_27,4,click
User_27,1,buy
User_27,5,view
User_27,10,click
User_27,8,view
User_28,14,click
User_28,15,buy
User_28,14,view
User_28,18,view
User_28,8,view
User_28,6,click
User_28,11,view
User_28,1,buy
User_29,20,view
User_29,18,buy
User_29,11,buy
User_29,15,view
User_29,16,click
User_29,15,view
User_29,10,buy
User_29,19,view
User_29,11,view
User_29,1,click
User_29,4,click
User_29,6,view
User_30,14,buy
User_30,14,click
User_30,5,view
User_30,2,view
User_30,19,buy
User_30,2,view
User_31,13,click
User_31,18,buy
User_31,6,buy
User_31,9,buy
User_31,10,buy
User_31,16,click
User_31,8,view
User_31,8,buy
User_31,9,buy
User_31,15,click
User_31,9,click
User_31,8,view
User_31,12,buy
User_31,7,buy
User_32,4,click
User_32,5,view
User_32,10,view
User_32,14,click
User_32,16,view
User_32,12,buy
User_32,5,buy
User_32,17,buy
User_32,9,click
User_32,9,click
User_32,11,view
User_33,9,view
User_33,5,buy
User_33,4,buy
User_33,12,buy
User_33,7,view
User_33,15,click
User_33,1,view
User_33,9,click
User_34,17,click
User_34,3,buy
User_34,20,click
User_34,9,click
User_34,16,click
User_34,8,buy
User_34,19,buy
User_34,2,buy
User_34,6,buy
User_34,18,click
User_34,5,view
User_34,14,click
User_34,19,click
User_34,17,view
User_35,20,view
User_35,8,buy
User_35,2,buy
User_35,4,buy
User_35,10,buy
User_35,4,click
User_35,18,buy
User_35,3,view
User_35,7,buy
User_35,19,click
User_35,16,buy
User_36,1,buy
User_36,14,view
User_36,5,view
User_36,18,buy
User_36,9,click
User_36,6,buy
User_36,16,view
User_37,1,buy
User_37,16,click
User_37,2,buy
User_37,5,view
User_37,4,buy
User_37,14,click
User_37,12,click
User_37,16,buy
User_37,20,buy
User_37,5,view
User_37,1,buy
User_37,3,click
User_37,6,click
User_37,4,click
User_37,10,view
User_38,15,click
User_38,5,buy
User_38,14,view
User_38,8,click
User_38,1,click
User_38,16,click
User_38,13,click
User_38,1,click
User_38,7,buy
User_38,11,click
User_38,3,buy
User_38,5,view
User_38,16,buy
User_38,7,click
User_39,13,buy
User_39,3,view
User_39,6,click
User_39,18,buy
User_39,14,view
User_39,3,buy
User_39,4,view
User_40,3,click
User_40,7,buy
User_40,9,buy
User_40,12,click
User_40,9,buy
User_41,17,click
User_41,17,buy
User_41,19,click
User_41,1,click
User_41,1,view
User_41,14,view
User_41,7,buy
User_41,2,click
User_41,10,click
User_41,1,view
User_41,7,view
User_41,11,view
User_41,4,view
User_41,16,view
User_41,11,view
User_42,8,click
User_42,14,view
User_42,17,click
User_42,17,click
User_42,20,click
User_42,19,buy
User_43,2,buy
User_43,15,click
User_43,9,click
User_43,9,buy
User_43,5,click
User_44,18,view
User_44,14,click
User_44,9,buy
User_44,13,view
User_44,12,buy
User_44,3,buy
User_44,11,click
User_44,10,click
User_44,12,click
User_44,15,click
User_44,16,click
User_44,5,view
User_45,19,view
User_45,7,view
User_45,12,view
User_45,12,buy
User_45,19,view
User_45,3,view
User_45,4,buy
User_45,19,click
User_45,12,buy
User_45,8,view
User_45,11,view
User_45,12,buy
User_45,12,buy
User_45,8,view
User_46,8,buy
User_46,20,view
User_46,3,click
User_46,2,click
User_46,11,click
User_46,7,view
User_46,20,view
User_46,7,click
User_46,15,click
User_46,18,click
User_46,9,view
User_46,8,view
User_46,14,buy
User_46,10,buy
User_47,5,buy
User_47,15,view
User_47,12,buy
User_47,2,buy
User_47,4,click
User_47,3,click
User_47,6,click
User_47,10,buy
User_48,6,buy
User_48,6,buy
User_48,8,buy
User_48,18,click
User_48,17,click
User_48,14,buy
User_49,13,buy
User_49,16,click
User_49,12,view
User_49,2,click
User_49,16,view
User_49,6,view
User_49,14,click
User_49,3,click
User_49,9,click
User_49,6,view
User_49,20,view
User_49,9,view
User_49,17,buy
User_49,9,view
User_50,13,view
User_50,5,buy
User_50,10,click
User_50,3,view
User_50,6,view
User_50,6,buy
User_50,9,buy
User_50,1,click
User_51,2,buy
User_51,3,click
User_51,12,click
User_51,8,buy
User_51,9,click
User_51,18,view
User_51,15,view
User_51,16,click
User_51,15,view
User_51,16,buy
User_51,17,click
User_51,14,click
User_51,3,buy
User_52,10,click
User_52,15,click
User_52,17,click
User_52,6,click
User_52,20,click
User_52,6,buy
User_52,7,view
User_53,7,click
User_53,6,click
User_53,18,click
User_53,11,view
User_53,20,click
User_53,13,click
User_53,1,view
User_53,7,view
User_53,1,click
User_53,8,click
User_53,2,click
User_53,4,buy
User_53,19,click
User_54,7,click
User_54,10,click
User_54,6,click
User_54,12,buy
User_54,12,click
User_54,2,click
User_54,10,click
User_54,7,buy
User_54,16,buy
User_54,2,buy
User_54,7,view
User_55,11,buy
User_55,2,click
User_55,14,buy
User_55,11,buy
User_55,1,click
User_55,14,buy
User_55,20,view
User_55,15,buy
User_55,1,click
User_55,15,click
User_55,6,click
User_56,7,click
User_56,9,view
User_56,1,view
User_56,20,buy
User_56,8,view
User_56,16,buy
User_56,2,click
User_56,3,view
User_56,9,click
User_56,12,view
User_56,16,buy
User_56,17,buy
User_56,17,click
User_56,18,click
User_57,1,click
User_57,17,view
User_57,6,buy
User_57,8,view
User_57,5,click
User_57,20,buy
User_57,18,click
User_57,17,view
User_57,8,view
User_57,16,view
User_57,6,view
User_57,6,click
User_57,9,view
User_58,4,view
User_58,19,click
User_58,9,view
User_58,13,view
User_58,9,click
User_58,10,buy
User_58,14,click
User_58,11,buy
User_58,2,buy
User_59,8,buy
User_59,14,click
User_59,5,click
User_59,20,click
User_59,17,click
User_59,20,click
User_59,12,view
User_59,15,view
User_59,12,view
User_60,5,click
User_60,1,view
User_60,17,buy
User_60,10,buy
User_60,2,view
User_61,18,view
User_61,19,click
User_61,19,view
User_61,7,buy
User_61,5,buy
User_61,2,click
User_61,15,buy
User_62,5,click
User_62,13,buy
User_62,15,buy
User_62,20,click
User_62,2,view
User_62,19,click
User_62,16,view
User_62,12,view
User_62,2,view
User_62,19,view
User_62,10,view
User_62,7,click
User_62,7,buy
User_62,11,click
User_63,11,view
User_63,9,view
User_63,5,click
User_63,5,view
User_63,14,click
User_63,1,buy
User_63,6,click
User_63,1,buy
User_63,18,click
User_63,12,view
User_63,9,view
User_63,5,buy
User_63,15,view
User_64,13,view
User_64,19,click
User_64,4,view
User_64,12,view
User_64,20,view
User_64,12,click
User_65,15,view
User_65,1,click
User_65,18,view
User_65,19,buy
User_65,13,click
User_65,11,view
User_65,13,buy
User_65,20,click
User_65,20,view
User_65,11,buy
User_66,3,view
User_66,6,buy
User_66,5,buy
User_66,13,view
User_66,10,buy
User_66,14,click
User_66,4,view
User_66,10,view
User_67,5,click
User_67,19,buy
User_67,4,view
User_67,9,buy
User_67,17,view
User_67,1,view
User_67,18,click
User_67,9,buy
User_68,16,click
User_68,4,buy
User_68,7,view
User_68,15,view
User_68,19,click
User_68,8,buy
User_68,9,view
User_68,1,view
User_68,5,click
User_69,18,buy
User_69,12,buy
User_69,6,click
User_69,20,click
User_69,16,view
User_69,2,click
User_69,3,buy
User_69,10,click
User_69,8,view
User_70,2,click
User_70,4,buy
User_70,10,buy
User_70,20,click
User_70,5,buy
User_70,17,view
User_71,19,click
User_71,10,buy
User_71,18,buy
User_71,10,view
User_71,9,buy
User_71,11,click
User_71,11,view
User_71,15,view
User_71,10,click
User_71,17,click
User_71,13,buy
User_71,5,click
User_71,8,view
User_72,13,view
User_72,14,view
User_72,18,view
User_72,15,view
User_72,11,click
User_72,5,buy
User_72,11,view
User_72,13,buy
User_72,7,buy
User_73,7,click
User_73,17,buy
User_73,3,view
User_73,8,buy
User_73,12,buy
User_73,5,click
User_73,8,view
User_73,4,click
User_73,5,view
User_73,18,buy
User_73,6,view
User_74,19,view
User_74,1,view
User_74,10,click
User_74,16,click
User_74,1,view
User_74,16,click
User_74,11,buy
User_74,2,view
User_75,12,buy
User_75,6,view
User_75,8,click
User_75,19,view
User_75,7,click
User_76,4,view
User_76,17,click
User_76,6,buy
User_76,18,buy
User_76,14,view
User_76,14,click
User_76,12,buy
User_76,4,buy
User_76,1,buy
User_76,5,view
User_77,5,view
User_77,11,click
User_77,18,buy
User_77,13,buy
User_77,17,click
User_77,5,view
User_77,9,view
User_77,16,view
User_77,19,buy
User_77,2,buy
User_78,2,click
User_78,16,view
User_78,2,buy
User_78,2,buy
User_78,2,view
User_78,4,view
User_78,13,view
User_78,15,buy
User_78,13,view
User_78,5,view
User_78,12,buy
User_78,3,view
User_79,19,click
User_79,20,view
User_79,20,buy
User_79,6,view
User_79,14,click
User_79,6,view
User_79,4,buy
User_79,17,click
User_79,15,buy
User_79,14,buy
User_79,7,view
User_80,12,buy
User_80,16,view
User_80,17,click
User_80,15,click
User_80,18,view
User_80,13,view
User_80,3,view
User_81,20,view
User_81,5,buy
User_81,10,click
User_81,15,click
User_81,20,view
User_81,11,buy
User_81,8,buy
User_81,16,view
User_81,4,click
User_81,8,view
User_82,19,click
User_82,18,buy
User_82,11,view
User_82,17,buy
User_82,20,buy
User_82,10,click
User_82,16,click
User_82,20,view
User_82,10,view
User_82,11,view
User_82,13,click
User_82,9,buy
User_83,6,view
User_83,9,view
User_83,3,view
User_83,3,buy
User_83,11,buy
User_83,3,view
User_84,10,view
User_84,17,view
User_84,9,view
User_84,20,click
User_84,14,buy
User_84,16,view
User_84,19,view
User_84,14,click
User_84,12,buy
User_84,20,buy
User_84,15,buy
User_84,6,click
User_85,1,buy
User_85,1,view
User_85,5,click
User_85,2,buy
User_85,1,click
User_85,15,view
User_85,16,click
User_85,5,view
User_86,19,view
User_86,18,click
User_86,8,buy
User_86,15,buy
User_86,15,view
User_87,3,view
User_87,17,view
User_87,9,view
User_87,1,view
User_87,9,view
User_87,16,click
User_87,14,buy
User_87,17,click
User_87,11,click
User_87,2,click
User_87,7,view
User_87,5,view
User_87,5,view
User_87,15,view
User_88,2,buy
User_88,15,buy
User_88,4,click
User_88,17,view
User_88,17,view
User_88,2,view
User_88,2,buy
User_88,16,click
User_88,20,view
User_88,17,view
User_88,12,view
User_88,10,click
User_88,5,buy
User_89,15,click
User_89,10,buy
User_89,19,click
User_89,15,buy
User_89,6,view
User_89,3,click
User_89,13,click
User_89,7,click
User_89,4,buy
User_89,20,buy
User_89,11,buy
User_90,2,click
User_90,8,click
User_90,6,view
User_90,9,click
User_90,15,click
User_90,14,click
User_90,17,click
User_91,4,view
User_91,19,click
User_91,9,buy
User_91,9,click
User_91,16,buy
User_91,15,view
User_91,19,view
User_91,6,buy
User_91,14,view
User_91,16,click
User_91,2,view
User_91,5,click
User_91,15,view
User_91,17,view
User_91,8,click
User_92,15,click
User_92,9,view
User_92,7,buy
User_92,3,click
User_92,18,buy
User_92,14,buy
User_92,16,click
User_92,19,buy
User_92,18,buy
User_93,11,view
User_93,6,buy
User_93,14,buy
User_93,5,view
User_93,12,view
User_93,3,click
User_93,17,view
User_93,15,click
User_93,18,buy
User_94,20,view
User_94,11,click
User_94,13,view
User_94,7,view
User_94,8,view
User_94,19,buy
User_94,12,buy
User_94,7,buy
User_94,1,click
User_94,13,buy
User_94,1,click
User_94,10,click
User_95,7,view
User_95,3,view
User_95,1,click
User_95,9,click
User_95,4,buy
User_95,16,view
User_95,18,click
User_96,18,buy
User_96,17,buy
User_96,10,click
User_96,4,buy
User_96,1,click
User_96,11,view
User_96,4,buy
User_96,3,view
User_97,6,buy
User_97,8,click
User_97,2,view
User_97,14,view
User_97,15,buy
User_97,2,buy
User_98,17,buy
User_98,1,buy
User_98,14,buy
User_98,2,buy
User_98,17,click
User_98,19,click
User_98,3,click
User_98,15,buy
User_98,1,click
User_98,2,buy
User_98,5,buy
User_98,11,view
User_98,6,view
User_99,8,buy
User_99,17,click
User_99,2,click
User_99,4,view
User_99,12,click
User_99,4,buy
User_99,16,buy
User_99,1,buy
User_99,18,click
User_99,18,buy
User_99,14,view
User_99,14,click
User_99,17,click
User_99,5,buy
User_100,16,buy
User_100,3,buy
User_100,13,buy
User_100,1,view
User_100,19,buy
User_100,17,view
User_100,16,buy
User_100,13,view
User_100,20,buy
User_100,11,buy
User_100,1,click
User_100,3,view
User_100,6,click
User_101,18,view
User_101,19,view
User_101,15,view
User_101,15,view
User_101,3,click
User_101,6,buy
User_101,19,click
User_101,17,click
User_101,1,view
User_101,8,click
User_101,8,buy
User_101,1,view
User_101,1,click
User_101,5,buy
User_102,16,click
User_102,7,view
User_102,2,buy
User_102,8,buy
User_102,18,view
User_102,4,view
User_102,6,click
User_102,6,click
User_102,4,click
User_102,8,view
User_102,13,buy
User_102,17,click
User_102,11,click
User_103,15,buy
User_103,5,view
User_103,20,view
User_103,4,click
User_103,11,view
User_103,18,view
User_103,18,buy
User_103,10,buy
User_103,20,click
User_103,20,click
User_103,17,buy
User_103,3,click
User_103,15,buy
User_103,20,click
User_103,19,click
User_104,1,view
User_104,10,buy
User_104,14,click
User_104,15,buy
User_104,12,view
User_105,15,click
User_105,10,buy
User_105,8,click
User_105,15,buy
User_105,11,click
User_105,13,view
User_105,10,click
User_105,2,buy
User_105,7,click
User_105,16,buy
User_105,7,view
User_105,6,click
User_105,7,click
User_105,3,buy
User_105,20,view
User_106,5,buy
User_106,20,buy
User_106,1,view
User_106,18,click
User_106,3,click
User_107,18,click
User_107,2,view
User_107,4,click
User_107,6,view
User_107,6,buy
User_107,13,buy
User_108,13,click
User_108,10,click
User_108,17,buy
User_108,5,buy
User_108,10,click
User_108,20,buy
User_108,1,buy
User_108,8,view
User_108,10,click
User_108,18,click
User_108,7,view
User_108,13,view
User_108,15,view
User_109,4,view
User_109,4,click
User_109,11,buy
User_109,15,click
User_109,11,click
User_109,7,buy
User_109,6,buy
User_109,14,view
User_109,2,buy
User_109,13,click
User_109,11,buy
User_109,12,buy
User_109,7,click
User_109,3,click
User_109,11,view
User_110,16,buy
User_110,3,view
User_110,17,view
User_110,6,buy
User_110,13,view
User_110,11,view
User_110,9,buy
User_110,9,view
User_111,7,buy
User_111,4,view
User_111,8,buy
User_111,7,buy
User_111,19,view
User_111,1,click
User_111,5,click
User_112,4,buy
User_112,5,click
User_112,20,buy
User_112,18,view
User_112,18,buy
User_112,8,view
User_112,16,click
User_112,6,click
User_112,14,click
User_112,1,buy
User_112,7,view
User_112,16,buy
User_112,18,click
User_112,5,click
User_112,18,view
User_113,10,view
User_113,7,view
User_113,17,click
User_113,4,view
User_113,12,click
User_113,2,click
User_113,16,view
User_113,6,buy
User_113,10,view
User_114,9,click
User_114,13,buy
User_114,6,click
User_114,7,click
User_114,9,view
User_114,12,click
User_114,15,click
User_114,5,click
User_115,2,buy
User_115,2,click
User_115,2,buy
User_115,18,view
User_115,5,buy
User_115,18,click
User_115,6,view
User_115,3,click
User_115,6,click
User_115,10,click
User_115,8,buy
User_115,3,buy
User_115,12,view
User_116,20,view
User_116,7,view
User_116,14,view
User_116,4,click
User_116,10,view
User_116,15,buy
User_116,17,view
User_116,10,click
User_116,13,buy
User_116,2,view
User_116,4,buy
User_116,4,view
User_116,17,buy
User_116,8,buy
User_117,20,buy
User_117,15,click
User_117,19,click
User_117,9,view
User_117,3,click
User_117,16,click
User_117,5,buy
User_117,15,view
User_118,3,view
User_118,9,view
User_118,3,click
User_118,3,click
User_118,5,click
User_119,5,buy
User_119,9,buy
User_119,12,buy
User_119,13,view
User_119,18,buy
User_119,1,buy
User_119,19,view
User_120,18,buy
User_120,7,click
User_120,8,buy
User_120,8,buy
User_120,8,view
User_120,14,click
User_120,9,click
User_120,12,click
User_120,19,buy
User_120,3,click
User_120,12,buy
User_120,14,buy
User_120,1,click
User_120,7,buy
User_120,18,buy
User_121,4,view
User_121,7,buy
User_121,5,buy
User_121,6,buy
User_121,17,click
User_121,9,click
User_121,19,buy
User_121,16,buy
User_121,14,buy
User_121,1,view
User_121,18,view
User_121,2,view
User_122,17,buy
User_122,9,view
User_122,14,buy
User_122,11,buy
User_122,10,click
User_122,17,view
User_122,8,click
User_122,9,view
User_122,8,view
User_122,11,click
User_122,17,view
User_122,9,view
User_122,14,buy
User_122,12,view
User_122,15,view
User_123,16,buy
User_123,9,click
User_123,5,click
User_123,2,view
User_123,20,view
User_123,18,buy
User_123,16,buy
User_123,15,view
User_123,1,buy
User_123,17,click
User_124,12,buy
User_124,3,buy
User_124,10,view
User_124,7,click
User_124,19,view
User_124,19,view
User_124,3,click
User_124,17,click
User_125,13,click
User_125,9,click
User_125,8,buy
User_125,17,click
User_125,15,view
User_125,6,buy
User_125,11,click
User_125,10,view
User_125,9,click
User_125,1,view
User_125,7,view
User_125,2,buy
User_125,1,view
User_125,13,view
User_126,15,click
User_126,19,view
User_126,16,buy
User_126,8,view
User_126,18,click
User_126,18,buy
User_126,6,click
User_126,5,view
User_127,14,click
User_127,6,view
User_127,12,view
User_127,3,click
User_127,8,click
User_127,18,click
User_127,19,buy
User_127,16,click
User_127,1,buy
User_127,4,view
User_127,12,click
User_128,2,buy
User_128,15,click
User_128,15,view
User_128,20,click
User_128,7,buy
User_128,11,view
User_128,9,view
User_128,19,view
User_128,4,view
User_128,19,click
User_128,18,view
User_128,17,click
User_129,14,buy
User_129,5,click
User_129,20,click
User_129,10,buy
User_129,3,click
User_129,15,click
User_129,16,view
User_129,12,view
User_129,8,click
User_129,20,click
User_130,19,click
User_130,18,buy
User_130,7,click
User_130,2,buy
User_130,3,buy
User_130,7,buy
User_130,5,buy
User_130,17,click
User_131,15,view
User_131,1,buy
User_131,8,view
User_131,18,buy
User_131,11,view
User_131,11,buy
User_131,16,buy
User_131,1,view
User_131,18,buy
User_131,6,click
User_131,3,view
User_131,17,view
User_131,5,view
User_132,19,click
User_132,8,view
User_132,4,click
User_132,20,click
User_132,2,view
User_132,20,click
User_133,1,view
User_133,19,buy
User_133,15,buy
User_133,6,click
User_133,1,click
User_133,4,buy
User_133,1,click
User_133,1,buy
User_133,8,buy
User_133,7,view
User_133,3,view
User_133,14,buy
User_133,10,view
User_134,19,view
User_134,11,click
User_134,20,view
User_134,2,buy
User_134,9,click
User_134,12,click
User_134,15,buy
User_134,9,click
User_134,12,click
User_134,14,click
User_134,19,view
User_134,5,view
User_135,14,view
User_135,15,buy
User_135,14,buy
User_135,3,view
User_135,13,click
User_135,14,click
User_135,15,view
User_135,8,click
User_135,11,click
User_135,6,view
User_135,3,click
User_135,18,buy
User_136,14,click
User_136,15,click
User_136,6,click
User_136,20,view
User_136,18,view
User_136,16,buy
User_136,8,buy
User_136,3,click
User_136,14,view
User_136,16,buy
User_136,8,buy
User_137,12,view
User_137,15,buy
User_137,18,view
User_137,16,click
User_137,10,view
User_137,12,buy
User_137,11,buy
User_137,6,view
User_137,20,buy
User_137,14,view
User_137,16,view
User_137,19,buy
User_137,17,view
User_137,4,view
User_138,15,click
User_138,4,click
User_138,18,buy
User_138,2,view
User_138,11,click
User_138,11,buy
User_139,8,view
User_139,6,buy
User_139,9,view
User_139,7,buy
User_139,13,buy
User_139,12,view
User_139,13,click
User_140,5,view
User_140,16,buy
User_140,10,click
User_140,18,click
User_140,16,view
User_140,8,buy
User_140,20,view
User_140,3,click
User_140,7,buy
User_141,15,view
User_141,16,click
User_141,15,view
User_141,2,click
User_141,4,view
User_141,19,buy
User_141,14,buy
User_141,7,buy
User_141,1,buy
User_141,14,buy
User_141,10,view
User_141,12,view
User_141,15,buy
User_142,4,click
User_142,19,click
User_142,11,buy
User_142,20,buy
User_142,9,view
User_142,11,view
User_142,17,buy
User_142,12,buy
User_142,20,click
User_143,18,view
User_143,11,view
User_143,5,click
User_143,17,buy
User_143,11,click
User_143,16,view
User_143,3,buy
User_143,12,click
User_144,10,click
User_144,8,view
User_144,17,click
User_144,17,click
User_144,3,buy
User_144,13,view
User_144,20,view
User_144,8,click
User_144,4,view
User_144,5,buy
User_144,1,buy
User_144,9,click
User_145,2,view
User_145,8,click
User_145,14,click
User_145,17,view
User_145,14,view
User_145,3,view
User_145,6,view
User_145,17,buy
User_145,18,view
User_145,13,click
User_145,10,click
User_146,9,click
User_146,20,buy
User_146,10,click
User_146,1,buy
User_146,14,buy
User_146,6,buy
User_146,9,view
User_146,8,view
User_146,17,buy
User_146,20,buy
User_146,12,buy
User_147,10,view
User_147,6,view
User_147,2,click
User_147,15,view
User_147,5,buy
User_147,7,click
User_147,18,view
User_147,9,buy
User_147,11,view
User_147,5,view
User_148,4,view
User_148,14,buy
User_148,14,buy
User_148,3,view
User_148,12,click
User_148,10,buy
User_148,17,buy
User_148,14,view
User_148,16,buy
User_148,6,view
User_148,6,buy
User_148,18,view
User_149,2,buy
User_149,2,click
User_149,13,view
User_149,20,buy
User_149,7,click
User_150,3,view
User_150,5,view
User_150,14,view
User_150,8,view
User_150,12,view
User_150,10,click
User_150,6,buy
User_150,20,buy
User_150,15,buy
User_150,10,buy
User_150,3,view
User_150,4,view
User_150,18,buy
User_150,14,buy
User_150,1,view
User_151,18,click
User_151,8,click
User_151,6,click
User_151,14,click
User_151,14,click
User_151,20,buy
User_152,12,buy
User_152,14,click
User_152,5,view
User_152,1,view
User_152,8,click
User_152,1,buy
User_152,3,view
User_152,17,click
User_152,4,buy
User_152,20,buy
User_152,19,click
User_152,4,view
User_152,9,view
User_153,5,view
User_153,9,view
User_153,7,click
User_153,6,buy
User_153,7,buy
User_153,10,view
User_153,8,view
User_153,5,buy
User_153,8,click
User_153,16,click
User_153,18,view
User_154,1,buy
User_154,9,click
User_154,15,buy
User_154,3,view
User_154,12,view
User_155,13,view
User_155,19,click
User_155,2,view
User_155,6,click
User_155,9,click
User_155,20,buy
User_155,3,click
User_155,20,click
User_156,2,buy
User_156,4,view
User_156,10,view
User_156,1,view
User_156,16,view
User_156,3,view
User_156,20,buy
User_156,3,click
User_157,17,view
User_157,2,click
User_157,15,view
User_157,10,view
User_157,7,buy
User_157,1,view
User_157,8,click
User_157,6,click
User_157,20,click
User_157,9,buy
User_157,5,view
User_157,15,click
User_157,12,click
User_157,3,view
User_158,16,buy
User_158,13,click
User_158,4,view
User_158,18,view
User_158,9,buy
User_158,13,buy
User_158,20,view
User_158,10,buy
User_158,14,view
User_159,9,click
User_159,1,view
User_159,11,buy
User_159,3,view
User_159,20,view
User_159,6,click
User_159,4,view
User_159,14,view
User_159,13,click
User_160,2,view
User_160,11,click
User_160,10,view
User_160,13,buy
User_160,13,buy
User_160,14,buy
User_160,20,buy
User_160,3,buy
User_160,14,click
User_160,9,view
User_160,13,view
User_160,17,click
User_161,11,buy
User_161,11,buy
User_161,20,click
User_161,5,view
User_161,13,buy
User_161,19,view
User_161,12,buy
User_161,19,view
User_161,12,click
User_161,14,buy
User_161,10,view
User_161,18,buy
User_162,5,buy
User_162,8,buy
User_162,2,click
User_162,11,click
User_162,11,buy
User_162,4,view
User_162,12,click
User_162,8,view
User_162,5,buy
User_162,10,buy
User_162,2,click
User_162,4,buy
User_162,17,click
User_162,11,buy
User_163,2,buy
User_163,3,view
User_163,3,view
User_163,18,click
User_163,18,click
User_163,5,buy
User_163,7,click
User_164,10,click
User_164,9,buy
User_164,3,click
User_164,12,click
User_164,19,view
User_164,19,buy
User_164,2,view
User_164,16,buy
User_165,8,buy
User_165,3,view
User_165,9,view
User_165,5,click
User_165,19,click
User_165,13,click
User_165,17,click
User_165,17,buy
User_165,12,view
User_165,11,buy
User_166,2,click
User_166,11,buy
User_166,13,buy
User_166,3,view
User_166,18,buy
User_166,13,click
User_166,13,view
User_166,20,buy
User_166,14,click
User_167,7,click
User_167,17,view
User_167,15,buy
User_167,17,view
User_167,12,buy
User_167,3,buy
User_167,16,view
User_168,10,click
User_168,9,buy
User_168,4,click
User_168,20,buy
User_168,16,click
User_168,14,buy
User_168,17,view
User_168,8,click
User_168,5,click
User_168,11,click
User_168,9,buy
User_168,15,buy
User_168,2,view
User_168,17,buy
User_169,11,view
User_169,11,view
User_169,10,click
User_169,4,click
User_169,18,click
User_169,7,click
User_169,11,buy
User_169,6,buy
User_169,12,view
User_169,16,view
User_169,1,view
User_169,15,click
User_170,6,view
User_170,17,view
User_170,3,view
User_170,11,buy
User_170,20,click
User_170,5,view
User_170,11,buy
User_170,3,buy
User_170,2,view
User_170,19,buy
User_171,20,click
User_171,18,view
User_171,7,buy
User_171,13,click
User_171,14,click
User_171,18,click
User_171,8,click
User_171,17,view
User_171,17,click
User_171,18,click
User_171,15,click
User_171,8,buy
User_172,19,click
User_172,2,buy
User_172,18,click
User_172,15,click
User_172,12,buy
User_172,12,buy
User_172,19,click
User_172,12,buy
User_172,20,view
User_173,11,buy
User_173,12,view
User_173,5,buy
User_173,14,view
User_173,2,buy
User_173,4,buy
User_173,16,buy
User_173,16,click
User_173,6,view
User_174,8,buy
User_174,16,view
User_174,9,view
User_174,7,view
User_174,18,buy
User_174,19,buy
User_174,7,click
User_174,1,click
User_174,7,view
User_174,15,view
User_174,7,buy
User_174,14,view
User_174,2,view
User_174,7,click
User_174,9,view
User_175,5,click
User_175,16,view
User_175,1,buy
User_175,3,view
User_175,15,click
User_175,3,buy
User_175,11,view
User_175,1,buy
User_175,19,view
User_175,15,click
User_175,13,buy
User_175,17,view
User_176,10,click
User_176,16,buy
User_176,16,view
User_176,12,buy
User_176,14,view
User_176,14,click
User_176,15,view
User_176,18,click
User_176,6,view
User_176,1,view
User_176,10,click
User_177,20,view
User_177,11,view
User_177,1,buy
User_177,4,click
User_177,19,buy
User_177,18,buy
User_178,10,view
User_178,16,buy
User_178,4,click
User_178,15,buy
User_178,20,click
User_178,6,view
User_178,9,click
User_178,11,click
User_178,13,click
User_178,14,buy
User_178,9,buy
User_178,1,click
User_179,10,click
User_179,11,buy
User_179,12,buy
User_179,6,click
User_179,12,buy
User_179,2,buy
User_179,20,buy
User_180,9,view
User_180,12,click
User_180,11,buy
User_180,19,click
User_180,9,buy
User_180,2,click
User_180,7,view
User_180,16,click
User_180,7,click
User_180,12,view
User_180,19,buy
User_180,14,view
User_181,19,view
User_181,16,click
User_181,5,click
User_181,13,view
User_181,14,view
User_181,16,buy
User_181,1,buy
User_181,13,buy
User_181,4,view
User_181,7,view
User_182,18,click
User_182,8,click
User_182,16,click
User_182,10,buy
User_182,12,click
User_182,15,click
User_182,2,buy
User_182,1,view
User_182,5,buy
User_183,4,buy
User_183,1,view
User_183,16,view
User_183,15,buy
User_183,8,click
User_184,18,buy
User_184,16,buy
User_184,18,view
User_184,4,click
User_184,6,buy
User_184,17,click
User_184,7,click
User_184,20,view
User_184,14,view
User_184,5,buy
User_184,8,view
User_184,15,click
User_184,13,buy
User_185,17,view
User_185,19,click
User_185,5,click
User_185,11,buy
User_185,16,view
User_185,3,view
User_185,10,view
User_185,17,buy
User_185,2,buy
User_185,4,click
User_185,18,buy
User_185,18,click
User_185,13,click
User_186,9,click
User_186,20,click
User_186,16,view
User_186,12,buy
User_186,13,view
User_186,7,click
User_186,16,buy
User_186,19,buy
User_187,14,click
User_187,4,view
User_187,12,click
User_187,5,view
User_187,4,view
User_187,12,buy
User_187,19,view
User_187,5,buy
User_187,13,view
User_187,14,buy
User_187,3,buy
User_187,10,view
User_187,7,view
User_187,20,buy
User_187,12,view
User_188,13,view
User_188,16,click
User_188,9,view
User_188,7,view
User_188,19,click
User_188,7,view
User_189,5,buy
User_189,5,buy
User_189,4,buy
User_189,10,view
User_189,13,buy
User_189,18,buy
User_190,3,buy
User_190,17,click
User_190,7,buy
User_190,16,view
User_190,17,view
User_191,11,buy
User_191,9,buy
User_191,3,click
User_191,16,view
User_191,10,buy
User_191,20,view
User_191,20,view
User_191,3,buy
User_191,18,view
User_191,17,buy
User_192,7,buy
User_192,11,buy
User_192,10,buy
User_192,2,view
User_192,15,buy
User_192,14,view
User_192,14,click
User_192,9,buy
User_192,17,buy
User_192,10,buy
User_192,8,view
User_192,19,click
User_192,13,view
User_193,10,buy
User_193,7,view
User_193,7,click
User_193,16,view
User_193,12,buy
User_193,19,view
User_193,6,buy
User_193,18,view
User_194,5,buy
User_194,17,click
User_194,3,view
User_194,19,click
User_194,10,click
User_194,16,click
User_194,4,click
User_194,16,click
User_194,20,view
User_194,3,view
User_194,2,view
User_194,18,view
User_195,19,click
User_195,1,click
User_195,16,buy
User_195,6,buy
User_195,4,view
User_195,16,buy
User_195,2,buy
User_195,12,view
User_195,7,view
User_196,18,buy
User_196,9,click
User_196,13,buy
User_196,4,buy
User_196,20,view
User_197,19,click
User_197,12,buy
User_197,2,click
User_197,3,view
User_197,6,view
User_197,15,buy
User_197,9,buy
User_197,8,buy
User_197,20,buy
User_197,18,buy
User_197,2,view
User_197,18,buy
User_198,17,view
User_198,6,click
User_198,2,view
User_198,4,view
User_198,15,buy
User_198,6,click
User_198,12,view
User_198,5,click
User_198,12,view
User_198,2,view
User_199,6,buy
User_199,16,buy
User_199,12,buy
User_199,6,buy
User_199,15,buy
User_199,10,click
User_199,12,buy
User_199,13,buy
User_199,18,view
User_199,7,click
User_199,8,view
User_199,6,click
User_199,13,click
User_199,7,view
User_199,8,buy
User_200,16,view
User_200,1,view
User_200,10,click
User_200,20,view
User_200,1,view
User_200,12,view
User_200,3,click
User_201,1,click
User_201,20,click
User_201,14,buy
User_201,13,click
User_201,16,buy
User_201,7,view
User_201,13,view
User_202,9,click
User_202,9,buy
User_202,18,click
User_202,7,click
User_202,4,view
User_202,9,buy
User_203,17,view
User_203,19,click
User_203,18,view
User_203,8,click
User_203,13,buy
User_203,3,view
User_203,1,click
User_204,14,click
User_204,9,view
User_204,12,view
User_204,11,view
User_204,13,click
User_204,7,view
User_204,12,buy
User_204,4,view
User_204,7,click
User_204,15,view
User_205,11,click
User_205,18,view
User_205,12,click
User_205,10,view
User_205,1,view
User_205,18,buy
User_205,17,view
User_205,9,view
User_205,1,view
User_206,6,buy
User_206,20,view
User_206,6,view
User_206,5,click
User_206,14,buy
User_206,11,buy
User_206,3,buy
User_207,6,click
User_207,14,view
User_207,9,buy
User_207,3,click
User_207,15,buy
User_207,11,click
User_207,16,buy
User_207,14,click
User_207,5,view
User_207,20,click
User_207,10,view
User_207,15,buy
User_207,5,buy
User_207,5,view
User_208,16,click
User_208,17,click
User_208,10,click
User_208,18,click
User_208,18,view
User_208,20,buy
User_208,2,click
User_208,14,buy
User_208,16,view
User_208,19,click
User_209,17,view
User_209,14,view
User_209,10,click
User_209,13,click
User_209,15,view
User_209,13,click
User_209,17,buy
User_209,8,buy
User_209,5,click
User_210,11,click
User_210,7,click
User_210,5,click
User_210,19,view
User_210,16,buy
User_210,19,view
User_210,2,click
User_210,12,click
User_211,11,click
User_211,14,buy
User_211,11,click
User_211,1,buy
User_211,3,buy
User_212,20,buy
User_212,2,click
User_212,4,click
User_212,1,view
User_212,7,buy
User_212,5,buy
User_212,17,click
User_212,15,click
User_212,11,click
User_213,1,view
User_213,6,click
User_213,6,buy
User_213,18,view
User_213,3,click
User_214,6,click
User_214,2,view
User_214,3,buy
User_214,8,buy
User_214,10,view
User_215,12,click
User_215,4,buy
User_215,2,view
User_215,18,view
User_215,1,view
User_215,8,view
User_215,5,buy
User_215,13,click
User_215,10,click
User_215,18,buy
User_216,17,buy
User_216,16,view
User_216,1,buy
User_216,5,buy
User_216,8,buy
User_216,19,click
User_216,16,view
User_216,2,buy
User_216,9,click
User_217,6,click
User_217,9,buy
User_217,17,click
User_217,14,click
User_217,5,click
User_218,1,buy
User_218,1,click
User_218,8,click
User_218,8,view
User_218,18,click
User_218,10,buy
User_218,9,buy
User_218,16,click
User_218,5,click
User_218,20,click
User_218,13,view
User_218,7,click
User_219,5,click
User_219,19,click
User_219,17,view
User_219,7,click
User_219,1,view
User_219,5,buy
User_219,11,view
User_219,11,view
User_219,17,view
User_219,18,buy
User_219,12,buy
User_219,13,view
User_219,1,click
User_219,17,buy
User_219,15,buy
User_220,11,click
User_220,6,buy
User_220,18,click
User_220,9,buy
User_220,2,click
User_220,5,buy
User_220,12,click
User_220,15,view
User_220,13,buy
User_220,13,buy
User_220,18,view
User_220,3,buy
User_220,13,click
User_220,17,buy
User_221,1,buy
User_221,1,click
User_221,4,click
User_221,20,view
User_221,4,click
User_221,7,click
User_221,10,view
User_221,2,buy
User_221,12,buy
User_221,12,buy
User_221,20,view
User_222,11,view
User_222,17,buy
User_222,12,view
User_222,15,buy
User_222,1,click
User_222,12,click
User_222,6,buy
User_222,19,buy
User_222,6,click
User_222,15,click
User_222,1,click
User_223,10,view
User_223,10,view
User_223,18,view
User_223,13,view
User_223,16,click
User_223,10,click
User_223,9,buy
User_223,8,click
User_223,5,view
User_223,9,view
User_224,12,click
User_224,6,click
User_224,5,click
User_224,4,click
User_224,2,view
User_224,5,view
User_224,17,buy
User_224,10,view
User_224,2,view
User_224,20,view
User_225,3,click
User_225,18,click
User_225,10,buy
User_225,9,click
User_225,18,view
User_225,9,click
User_225,10,buy
User_226,3,buy
User_226,11,click
User_226,14,click
User_226,8,click
User_226,13,buy
User_226,10,buy
User_226,10,buy
User_226,9,buy
User_226,19,view
User_226,12,buy
User_227,7,view
User_227,17,buy
User_227,15,view
User_227,11,view
User_227,20,click
User_227,19,buy
User_227,16,click
User_227,10,view
User_227,12,buy
User_227,6,click
User_227,13,buy
User_227,11,view
User_227,1,view
User_227,4,view
User_228,10,buy
User_228,12,click
User_228,8,view
User_228,16,click
User_228,10,buy
User_228,18,view
User_228,15,view
User_228,12,view
User_228,11,view
User_229,5,click
User_229,13,buy
User_229,7,buy
User_229,5,buy
User_229,8,view
User_229,3,view
User_229,12,buy
User_229,13,buy
User_229,14,click
User_229,1,view
User_229,15,buy
User_229,14,buy
User_229,19,view
User_229,9,view
User_229,10,buy
User_230,8,buy
User_230,8,view
User_230,19,buy
User_230,16,click
User_230,12,click
User_230,10,click
User_230,15,view
User_231,17,buy
User_231,5,click
User_231,10,buy
User_231,11,view
User_231,7,click
User_231,2,view
User_231,13,buy
User_231,8,view
User_231,18,buy
User_232,7,view
User_232,19,view
User_232,8,view
User_232,7,buy
User_232,20,click
User_233,10,click
User_233,17,buy
User_233,2,click
User_233,14,buy
User_233,13,view
User_233,2,view
User_233,15,buy
User_233,20,buy
User_233,4,buy
User_233,5,buy
User_233,18,view
User_233,11,click
User_233,1,view
User_234,15,click
User_234,14,buy
User_234,7,click
User_234,18,view
User_234,11,click
User_234,13,view
User_234,15,buy
User_234,15,buy
User_234,10,buy
User_234,4,view
User_234,8,click
User_234,20,view
User_234,7,click
User_234,1,view
User_234,9,buy
User_235,11,buy
User_235,11,click
User_235,11,buy
User_235,9,view
User_235,1,click
User_235,11,view
User_235,10,buy
User_235,2,click
User_235,16,buy
User_236,2,view
User_236,11,click
User_236,1,buy
User_236,4,buy
User_236,10,view
User_236,19,click
User_236,2,view
User_237,9,click
User_237,5,view
User_237,12,view
User_237,7,buy
User_237,1,click
User_237,2,click
User_237,12,view
User_237,2,buy
User_237,12,click
User_237,6,buy
User_237,4,click
User_237,14,click
User_237,9,view
User_237,7,click
User_238,4,view
User_238,18,buy
User_238,20,buy
User_238,9,buy
User_238,13,buy
User_238,17,click
User_238,13,click
User_238,17,buy
User_238,20,click
User_238,17,click
User_239,14,view
User_239,14,click
User_239,6,view
User_239,16,buy
User_239,1,view
User_240,8,view
User_240,17,click
User_240,19,view
User_240,11,click
User_240,1,buy
User_240,5,click
User_240,3,click
User_240,12,view
User_241,9,view
User_241,18,view
User_241,11,view
User_241,9,view
User_241,13,buy
User_241,9,click
User_241,16,buy
User_241,4,view
User_241,9,buy
User_242,16,view
User_242,6,buy
User_242,13,click
User_242,10,buy
User_242,3,view
User_242,6,view
User_242,18,buy
User_242,13,buy
User_242,17,buy
User_242,16,click
User_243,18,view
User_243,1,click
User_243,15,buy
User_243,10,view
User_243,16,click
User_243,5,buy
User_243,17,buy
User_243,11,buy
User_243,15,view
User_243,17,view
User_243,19,click
User_243,4,buy
User_243,6,buy
User_244,14,click
User_244,19,click
User_244,20,buy
User_244,16,click
User_244,2,buy
User_244,16,view
User_245,9,buy
User_245,15,view
User_245,16,click
User_245,2,buy
User_245,12,buy
User_245,16,click
User_245,18,view
User_245,1,click
User_245,4,click
User_246,7,buy
User_246,13,buy
User_246,14,view
User_246,15,view
User_246,11,click
User_246,17,click
User_246,15,view
User_246,16,buy
User_246,10,click
User_246,6,buy
User_246,20,view
User_246,10,click
User_246,8,click
User_246,10,click
User_247,12,buy
User_247,6,click
User_247,7,view
User_247,13,buy
User_247,12,buy
User_248,8,buy
User_248,4,buy
User_248,8,click
User_248,9,view
User_248,7,view
User_248,1,click
User_249,18,buy
User_249,15,click
User_249,12,view
User_249,4,buy
User_249,8,click
User_249,6,buy
User_250,3,click
User_250,11,view
User_250,14,click
User_250,13,buy
User_250,1,click
User_250,19,buy
User_250,1,buy
User_250,5,view
User_251,16,buy
User_251,9,buy
User_251,17,view
User_251,19,view
User_251,10,click
User_252,12,click
User_252,7,click
User_252,13,buy
User_252,10,click
User_252,2,view
User_252,8,buy
User_252,6,buy
User_252,2,click
User_252,18,view
User_252,18,buy
User_252,7,click
User_252,20,view
User_252,14,click
User_252,9,buy
User_253,15,buy
User_253,19,click
User_253,16,click
User_253,4,click
User_253,3,buy
User_253,14,buy
User_253,16,click
User_253,12,click
User_253,20,view
User_253,4,buy
User_253,12,buy
User_253,16,view
User_253,1,buy
User_253,16,click
User_253,15,buy
User_254,16,buy
User_254,8,buy
User_254,11,buy
User_254,12,view
User_254,15,buy
User_254,20,buy
User_254,4,view
User_254,2,view
User_254,17,buy
User_254,5,click
User_254,5,buy
User_254,11,view
User_254,7,click
User_255,15,buy
User_255,10,buy
User_255,6,click
User_255,12,click
User_255,6,click
User_255,11,view
User_255,16,click
User_255,3,click
User_255,2,buy
User_256,16,buy
User_256,8,view
User_256,12,buy
User_256,20,click
User_256,8,buy
User_257,6,view
User_257,20,click
User_257,10,click
User_257,3,click
User_257,1,buy
User_257,4,buy
User_257,19,click
User_257,19,view
User_257,12,buy
User_257,20,buy
User_257,4,buy
User_257,1,buy
User_257,1,view
User_258,15,view
User_258,10,click
User_258,14,click
User_258,9,buy
User_258,15,view
User_258,8,buy
User_258,11,click
User_258,9,click
User_258,4,click
User_258,19,click
User_258,4,click
User_258,1,buy
User_258,15,view
User_259,20,click
User_259,13,buy
User_259,16,buy
User_259,10,buy
User_259,20,view
User_259,18,view
User_259,1,view
User_259,17,view
User_259,17,buy
User_259,13,view
User_259,14,buy
User_259,8,view
User_260,10,click
User_260,17,buy
User_260,12,view
User_260,2,buy
User_260,3,buy
User_260,13,view
User_260,15,buy
User_260,18,view
User_260,16,click
User_260,7,buy
User_260,12,buy
User_260,1,buy
User_260,8,view
User_260,2,buy
User_261,13,click
User_261,2,view
User_261,7,view
User_261,2,click
User_261,8,view
User_261,16,buy
User_261,12,view
User_261,9,click
User_261,19,view
User_261,14,click
User_262,14,click
User_262,10,click
User_262,2,click
User_262,14,view
User_262,8,buy
User_262,6,buy
User_262,14,view
User_262,15,view
User_262,4,buy
User_262,13,click
User_262,18,buy
User_262,20,view
User_262,19,buy
User_262,1,click
User_263,18,click
User_263,13,view
User_263,8,click
User_263,3,click
User_263,14,click
User_263,3,view
User_263,17,click
User_263,14,view
User_263,20,view
User_263,11,view
User_263,20,view
User_263,14,buy
User_264,3,click
User_264,16,buy
User_264,14,click
User_264,15,view
User_264,3,buy
User_264,4,click
User_264,5,buy
User_264,12,view
User_264,2,view
User_264,7,click
User_265,6,view
User_265,8,view
User_265,19,buy
User_265,15,view
User_265,20,view
User_265,6,view
User_265,15,click
User_265,17,view
User_265,4,click
User_265,20,click
User_265,5,click
User_265,15,view
User_266,3,view
User_266,3,buy
User_266,8,buy
User_266,15,click
User_266,14,buy
User_266,6,buy
User_267,16,buy
User_267,15,view
User_267,16,buy
User_267,16,click
User_267,13,buy
User_267,1,click
User_267,2,view
User_267,9,buy
User_267,14,view
User_267,14,view
User_267,4,click
User_267,18,view
User_267,19,click
User_268,19,view
User_268,4,view
User_268,17,buy
User_268,2,view
User_268,6,view
User_268,12,buy
User_268,12,click
User_268,2,view
User_268,7,view
User_269,5,view
User_269,2,buy
User_269,14,buy
User_269,18,buy
User_269,7,view
User_269,17,click
User_269,1,view
User_270,14,view
User_270,13,buy
User_270,8,view
User_270,3,buy
User_270,1,buy
User_271,19,view
User_271,12,buy
User_271,11,click
User_271,20,click
User_271,17,buy
User_271,3,view
User_271,16,view
User_271,17,buy
User_271,20,click
User_271,7,buy
User_271,1,buy
User_271,2,buy
User_272,14,click
User_272,7,click
User_272,20,buy
User_272,7,click
User_272,12,buy
User_272,11,click
User_272,6,buy
User_272,15,buy
User_272,1,click
User_272,11,click
User_273,11,click
User_273,17,click
User_273,6,click
User_273,18,click
User_273,1,view
User_273,12,view
User_273,20,view
User_273,18,view
User_273,12,click
User_274,17,view
User_274,14,click
User_274,16,buy
User_274,17,click
User_274,12,view
User_274,11,buy
User_275,9,view
User_275,11,click
User_275,9,view
User_275,8,click
User_275,18,buy
User_275,6,click
User_275,12,click
User_275,11,view
User_275,16,buy
User_275,5,view
User_275,18,click
User_275,19,view
User_275,5,buy
User_275,11,click
User_275,18,buy
User_276,13,click
User_276,13,buy
User_276,11,buy
User_276,17,view
User_276,12,buy
User_276,12,view
User_277,20,view
User_277,8,click
User_277,10,buy
User_277,17,buy
User_277,18,view
User_277,18,buy
User_277,6,click
User_277,4,view
User_277,16,view
User_277,17,click
User_278,7,click
User_278,3,buy
User_278,8,buy
User_278,9,buy
User_278,19,buy
User_278,12,click
User_278,1,buy
User_279,12,view
User_279,18,buy
User_279,3,click
User_279,20,click
User_279,6,click
User_279,16,view
User_279,2,view
User_279,20,click
User_279,16,view
User_280,8,click
User_280,12,view
User_280,6,view
User_280,9,buy
User_280,20,click
User_280,11,click
User_280,9,buy
User_280,19,buy
User_281,15,view
User_281,19,view
User_281,17,view
User_281,18,view
User_281,10,view
User_281,5,buy
User_281,1,buy
User_281,6,view
User_281,7,click
User_281,2,buy
User_281,20,buy
User_281,20,buy
User_281,6,click
User_282,14,buy
User_282,2,buy
User_282,15,view
User_282,14,buy
User_282,9,click
User_282,5,view
User_282,13,click
User_283,11,buy
User_283,12,buy
User_283,15,view
User_283,19,buy
User_283,4,view
User_284,17,buy
User_284,15,click
User_284,12,click
User_284,18,buy
User_284,20,view
User_284,3,buy
User_284,15,buy
User_284,16,buy
User_284,3,click
User_284,11,buy
User_284,4,click
User_284,1,click
User_284,16,view
User_284,19,view
User_285,18,buy
User_285,16,view
User_285,16,view
User_285,18,click
User_285,6,view
User_286,15,click
User_286,11,click
User_286,2,view
User_286,8,click
User_286,4,click
User_286,2,buy
User_286,20,click
User_286,18,click
User_286,7,view
User_287,16,view
User_287,15,view
User_287,3,view
User_287,14,click
User_287,10,click
User_287,14,buy
User_287,12,click
User_287,12,view
User_287,2,click
User_287,8,view
User_287,6,click
User_287,3,buy
User_287,1,buy
User_287,6,buy
User_288,8,buy
User_288,6,click
User_288,18,click
User_288,5,buy
User_288,3,view
User_288,19,buy
User_288,17,click
User_288,5,buy
User_288,13,click
User_288,4,buy
User_288,18,view
User_288,10,click
User_288,11,click
User_289,19,click
User_289,7,buy
User_289,4,buy
User_289,11,buy
User_289,19,view
User_289,17,view
User_289,13,click
User_289,6,click
User_289,10,view
User_290,5,view
User_290,16,click
User_290,7,buy
User_290,10,buy
User_290,4,buy
User_290,12,view
User_290,20,buy
User_290,16,view
User_290,3,view
User_290,12,view
User_290,18,buy
User_290,2,buy
User_290,17,view
User_291,17,click
User_291,15,view
User_291,16,view
User_291,13,buy
User_291,14,buy
User_291,18,buy
User_291,2,view
User_291,11,view
User_291,9,buy
User_291,11,click
User_291,14,buy
User_291,9,buy
User_292,3,click
User_292,17,view
User_292,12,click
User_292,14,buy
User_292,12,click
User_292,3,buy
User_292,7,view
User_292,9,view
User_292,5,view
User_292,18,click
User_292,14,view
User_292,16,click
User_292,13,view
User_292,9,click
User_292,3,buy
User_293,4,view
User_293,2,buy
User_293,5,click
User_293,18,buy
User_293,8,buy
User_294,5,buy
User_294,11,click
User_294,18,buy
User_294,9,view
User_294,6,click
User_294,16,click
User_294,3,click
User_294,10,buy
User_294,20,click
User_295,13,view
User_295,19,view
User_295,9,buy
User_295,15,click
User_295,9,click
User_295,12,click
User_295,14,buy
User_295,20,view
User_295,20,click
User_295,20,view
User_295,18,click
User_295,12,buy
User_295,20,buy
User_295,6,click
User_295,15,click
User_296,17,click
User_296,10,click
User_296,14,buy
User_296,14,view
User_296,20,view
User_297,14,buy
User_297,11,buy
User_297,9,view
User_297,3,view
User_297,15,click
User_297,8,buy
User_297,9,buy
User_297,17,click
User_297,20,view
User_297,8,click
User_298,2,click
User_298,4,view
User_298,17,buy
User_298,13,view
User_298,9,buy
User_298,6,buy
User_298,4,click
User_298,13,buy
User_298,17,view
User_298,13,view
User_299,8,buy
User_299,18,click
User_299,9,buy
User_299,13,click
User_299,5,buy
User_299,6,click
User_299,14,buy
User_299,15,view
User_299,4,click
User_299,12,buy
User_300,7,buy
User_300,12,view
User_300,20,buy
User_300,3,click
User_300,20,view
User_300,8,buy
User_300,3,view
User_300,18,buy
User_300,9,click
User_300,3,view
User_300,9,buy
User_301,12,click
User_301,2,buy
User_301,10,buy
User_301,6,buy
User_301,3,view
User_301,5,view
User_301,2,buy
User_301,12,click
User_301,8,buy
User_301,12,buy
User_302,9,buy
User_302,17,view
User_302,14,buy
User_302,18,buy
User_302,19,view
User_302,17,view
User_302,7,click
User_303,20,view
User_303,10,view
User_303,10,buy
User_303,8,view
User_303,19,buy
User_303,1,click
User_303,16,buy
User_304,10,buy
User_304,9,buy
User_304,7,click
User_304,9,click
User_304,15,view
User_304,14,view
User_304,17,buy
User_304,5,view
User_304,9,buy
User_305,15,click
User_305,5,view
User_305,18,buy
User_305,17,buy
User_305,20,click
User_305,6,click
User_305,9,view
User_305,3,click
User_305,15,click
User_305,5,buy
User_305,17,click
User_305,9,buy
User_305,12,buy
User_306,11,click
User_306,17,click
User_306,13,buy
User_306,6,buy
User_306,3,view
User_306,1,view
User_306,18,buy
User_306,15,click
User_306,5,view
User_306,9,buy
User_306,20,view
User_306,13,view
User_306,1,view
User_307,2,click
User_307,4,buy
User_307,10,view
User_307,10,click
User_307,20,click
User_308,11,buy
User_308,11,view
User_308,6,click
User_308,12,view
User_308,6,buy
User_308,15,click
User_308,12,click
User_308,4,buy
User_308,13,click
User_308,4,buy
User_308,1,buy
User_308,18,view
User_308,3,buy
User_308,17,view
User_309,17,view
User_309,18,click
User_309,8,buy
User_309,13,buy
User_309,9,click
User_309,12,view
User_309,7,view
User_309,12,view
User_309,18,view
User_309,12,view
User_309,3,buy
User_309,17,buy
User_309,1,click
User_310,3,click
User_310,3,click
User_310,14,click
User_310,2,buy
User_310,9,view
User_310,1,buy
User_310,10,view
User_310,10,buy
User_310,4,click
User_310,5,click
User_311,15,view
User_311,9,view
User_311,11,buy
User_311,20,click
User_311,11,click
User_311,13,view
User_311,11,click
User_311,3,view
User_311,12,buy
User_311,13,buy
User_312,8,buy
User_312,2,click
User_312,19,buy
User_312,5,buy
User_312,20,view
User_312,14,click
User_312,20,click
User_312,8,buy
User_312,4,view
User_312,15,view
User_312,4,click
User_312,13,view
User_312,13,buy
User_312,11,buy
User_312,3,click
User_313,14,buy
User_313,17,buy
User_313,1,view
User_313,5,click
User_313,13,view
User_313,8,click
User_313,14,buy
User_313,5,click
User_314,20,buy
User_314,12,click
User_314,4,click
User_314,15,view
User_314,3,buy
User_315,14,click
User_315,8,buy
User_315,10,click
User_315,5,click
User_315,8,buy
User_315,10,click
User_315,5,view
User_315,12,click
User_316,1,buy
User_316,18,click
User_316,8,buy
User_316,10,buy
User_316,8,view
User_316,20,buy
User_316,15,view
User_316,12,view
User_316,8,click
User_316,18,buy
User_317,16,click
User_317,9,view
User_317,9,buy
User_317,19,click
User_317,19,buy
User_317,11,click
User_317,12,view
User_317,16,buy
User_317,19,buy
User_317,7,click
User_317,8,buy
User_317,19,click
User_317,11,buy
User_317,15,click
User_317,17,buy
User_318,7,buy
User_318,11,view
User_318,11,view
User_318,2,view
User_318,8,view
User_318,8,buy
User_318,1,click
User_318,14,click
User_318,18,click
User_318,17,view
User_319,1,buy
User_319,11,buy
User_319,15,buy
User_319,16,buy
User_319,10,view
User_320,14,click
User_320,14,view
User_320,15,view
User_320,8,view
User_320,8,buy
User_321,7,view
User_321,6,buy
User_321,1,buy
User_321,1,view
User_321,8,buy
User_321,17,click
User_321,19,click
User_321,15,view
User_321,11,click
User_321,5,click
User_321,20,view
User_321,10,buy
User_321,17,view
User_322,10,click
User_322,5,buy
User_322,12,click
User_322,13,buy
User_322,17,click
User_322,4,click
User_322,4,click
User_322,19,click
User_322,18,buy
User_322,20,buy
User_322,10,click
User_322,12,view
User_323,14,buy
User_323,4,buy
User_323,14,view
User_323,11,buy
User_323,7,view
User_323,6,buy
User_323,20,view
User_323,17,click
User_324,20,view
User_324,3,buy
User_324,18,view
User_324,20,click
User_324,1,click
User_324,19,click
User_324,9,view
User_324,14,buy
User_324,19,buy
User_325,8,click
User_325,10,click
User_325,9,view
User_325,3,buy
User_325,15,view
User_325,12,view
User_326,19,buy
User_326,6,buy
User_326,7,view
User_326,10,view
User_326,1,buy
User_326,11,view
User_327,6,buy
User_327,8,buy
User_327,7,view
User_327,10,click
User_327,18,buy
User_327,7,view
User_327,7,buy
User_327,14,buy
User_327,19,view
User_327,9,view
User_327,19,click
User_327,4,buy
User_327,6,buy
User_327,18,view
User_328,7,click
User_328,4,view
User_328,18,buy
User_328,17,view
User_328,3,view
User_328,12,view
User_328,5,view
User_329,4,buy
User_329,10,buy
User_329,6,view
User_329,16,view
User_329,18,view
User_329,3,view
User_329,5,view
User_329,19,buy
User_329,19,buy
User_329,11,view
User_329,14,view
User_329,16,buy
User_329,17,view
User_329,16,buy
User_329,16,view
User_330,1,buy
User_330,8,view
User_330,8,buy
User_330,12,view
User_330,1,buy
User_330,20,click
User_330,4,view
User_330,6,buy
User_330,19,view
User_330,10,click
User_330,3,view
User_330,20,click
User_331,8,buy
User_331,13,click
User_331,13,buy
User_331,14,view
User_331,17,buy
User_332,9,click
User_332,11,view
User_332,20,view
User_332,1,buy
User_332,7,view
User_332,20,buy
User_332,16,click
User_333,2,click
User_333,19,buy
User_333,16,view
User_333,4,click
User_333,12,buy
User_333,10,view
User_333,2,buy
User_333,19,view
User_333,5,view
User_333,11,click
User_333,8,view
User_334,20,buy
User_334,4,view
User_334,6,click
User_334,4,click
User_334,9,view
User_335,17,buy
User_335,5,view
User_335,8,click
User_335,12,view
User_335,6,click
User_335,1,view
User_335,9,click
User_335,12,click
User_335,13,buy
User_335,14,click
User_335,12,click
User_335,11,view
User_335,11,view
User_335,17,buy
User_335,1,buy
User_336,15,buy
User_336,7,click
User_336,3,buy
User_336,13,view
User_336,9,click
User_336,1,buy
User_336,12,buy
User_336,2,view
User_336,11,buy
User_336,1,click
User_336,17,view
User_336,11,buy
User_336,14,click
User_336,6,buy
User_336,12,view
User_337,15,buy
User_337,20,view
User_337,4,view
User_337,8,view
User_337,5,view
User_337,5,click
User_337,2,click
User_337,13,view
User_337,15,buy
User_337,16,buy
User_337,10,view
User_337,18,buy
User_337,3,buy
User_337,18,view
User_338,12,buy
User_338,11,buy
User_338,9,click
User_338,1,click
User_338,13,view
User_338,19,buy
User_339,17,view
User_339,14,click
User_339,11,click
User_339,10,buy
User_339,2,click
User_339,13,click
User_339,9,view
User_339,19,view
User_339,16,buy
User_339,18,view
User_339,10,click
User_339,12,view
User_339,10,buy
User_339,13,view
User_339,3,buy
User_340,3,view
User_340,4,buy
User_340,17,buy
User_340,19,click
User_340,11,click
User_340,13,view
User_340,18,view
User_340,15,click
User_340,6,buy
User_340,1,click
User_340,6,buy
User_340,19,view
User_341,1,click
User_341,4,view
User_341,9,buy
User_341,8,buy
User_341,9,buy
User_341,5,click
User_341,20,click
User_341,1,buy
User_341,6,click
User_341,17,click
User_341,3,buy
User_341,3,view
User_341,11,click
User_341,20,buy
User_341,17,buy
User_342,14,click
User_342,11,view
User_342,19,view
User_342,8,buy
User_342,4,click
User_343,10,view
User_343,12,buy
User_343,6,click
User_343,9,click
User_343,4,click
User_343,8,view
User_343,6,buy
User_343,5,click
User_344,13,click
User_344,16,buy
User_344,5,click
User_344,5,view
User_344,17,view
User_344,6,click
User_344,17,click
User_344,12,view
User_344,5,click
User_344,19,buy
User_345,17,click
User_345,9,buy
User_345,1,view
User_345,16,click
User_345,18,click
User_345,13,buy
User_345,4,click
User_345,3,view
User_345,2,buy
User_345,20,click
User_346,17,buy
User_346,10,click
User_346,5,click
User_346,18,view
User_346,11,buy
User_346,17,view
User_346,12,buy
User_346,13,click
User_346,9,view
User_346,3,click
User_346,19,buy
User_346,15,buy
User_346,3,view
User_346,1,click
User_347,16,buy
User_347,19,view
User_347,11,buy
User_347,16,buy
User_347,11,view
User_347,9,buy
User_348,3,click
User_348,14,click
User_348,20,buy
User_348,11,buy
User_348,2,click
User_348,9,click
User_348,15,click
User_348,7,buy
User_348,1,click
User_348,2,view
User_348,19,view
User_349,4,view
User_349,20,buy
User_349,17,click
User_349,3,click
User_349,9,buy
User_349,19,buy
User_349,14,click
User_349,12,buy
User_349,4,buy
User_350,12,buy
User_350,11,view
User_350,18,view
User_350,17,click
User_350,12,click
User_350,11,click
User_350,15,click
User_350,1,view
User_350,1,view
User_350,6,click
User_350,5,view
User_351,14,buy
User_351,1,buy
User_351,15,view
User_351,11,view
User_351,18,view
User_351,17,view
User_351,11,click
User_351,8,buy
User_351,20,view
User_351,1,buy
User_351,8,buy
User_351,2,buy
User_352,12,click
User_352,1,click
User_352,19,view
User_352,3,buy
User_352,12,click
User_352,18,view
User_352,8,click
User_352,9,view
User_352,17,buy
User_352,4,buy
User_352,10,click
User_353,11,buy
User_353,4,buy
User_353,12,buy
User_353,1,click
User_353,20,buy
User_353,2,click
User_353,9,buy
User_353,16,view
User_354,3,buy
User_354,15,click
User_354,5,buy
User_354,1,click
User_354,3,click
User_354,6,click
User_354,12,buy
User_354,4,click
User_354,2,view
User_354,9,buy
User_354,14,view
User_355,11,click
User_355,17,buy
User_355,3,buy
User_355,7,buy
User_355,10,click
User_355,11,click
User_355,8,view
User_355,2,buy
User_355,5,view
User_356,18,view
User_356,18,view
User_356,11,view
User_356,14,click
User_356,11,buy
User_356,7,click
User_357,13,buy
User_357,7,click
User_357,8,buy
User_357,8,click
User_357,8,buy
User_357,13,click
User_357,20,view
User_357,5,buy
User_357,3,click
User_357,18,buy
User_357,12,view
User_357,7,buy
User_357,4,view
User_358,13,buy
User_358,10,view
User_358,18,view
User_358,20,buy
User_358,18,buy
User_358,19,click
User_358,16,click
User_358,19,buy
User_358,8,buy
User_358,10,buy
User_358,20,view
User_358,1,view
User_358,11,click
User_359,11,click
User_359,12,click
User_359,3,buy
User_359,12,view
User_359,6,click
User_359,14,view
User_359,18,buy
User_359,1,click
User_359,6,click
User_359,6,click
User_359,9,click
User_360,17,view
User_360,1,click
User_360,15,buy
User_360,5,view
User_360,19,buy
User_360,17,click
User_360,20,buy
User_360,6,view
User_360,4,buy
User_361,16,buy
User_361,16,view
User_361,3,click
User_361,10,buy
User_361,5,buy
User_361,13,view
User_362,13,click
User_362,12,click
User_362,5,click
User_362,6,view
User_362,5,click
User_362,1,view
User_362,18,click
User_362,10,buy
User_362,20,view
User_362,15,view
User_362,16,buy
User_363,15,click
User_363,2,view
User_363,16,click
User_363,18,buy
User_363,9,view
User_363,14,click
User_363,11,buy
User_363,19,buy
User_363,5,buy
User_363,13,click
User_363,10,view
User_363,15,view
User_363,13,click
User_364,4,click
User_364,16,click
User_364,11,buy
User_364,2,click
User_364,14,click
User_364,12,buy
User_364,11,click
User_364,10,buy
User_364,11,buy
User_364,10,view
User_364,14,view
User_365,16,view
User_365,5,buy
User_365,7,view
User_365,13,click
User_365,13,view
User_365,4,buy
User_365,2,buy
User_365,17,view
User_365,18,view
User_365,8,buy
User_365,12,click
User_365,6,view
User_365,8,buy
User_366,2,click
User_366,10,view
User_366,1,buy
User_366,19,buy
User_366,8,click
User_367,6,view
User_367,18,click
User_367,15,buy
User_367,14,buy
User_367,5,buy
User_367,16,buy
User_367,7,click
User_367,15,view
User_367,9,buy
User_367,20,view
User_367,15,buy
User_367,15,buy
User_367,16,view
User_368,19,click
User_368,1,view
User_368,20,click
User_368,2,view
User_368,3,click
User_368,20,view
User_368,15,click
User_368,8,click
User_368,12,buy
User_369,15,click
User_369,17,buy
User_369,4,click
User_369,11,click
User_369,20,buy
User_369,3,view
User_369,14,click
User_369,20,view
User_369,4,buy
User_370,7,buy
User_370,13,view
User_370,8,buy
User_370,5,view
User_370,11,buy
User_370,13,view
User_371,10,click
User_371,12,click
User_371,19,click
User_371,16,view
User_371,5,click
User_371,2,view
User_371,8,click
User_372,2,view
User_372,11,buy
User_372,16,buy
User_372,10,view
User_372,16,view
User_372,8,view
User_372,16,view
User_372,4,click
User_372,2,buy
User_372,10,buy
User_372,10,click
User_372,1,view
User_372,15,click
User_373,9,click
User_373,17,view
User_373,8,view
User_373,14,view
User_373,4,click
User_374,6,buy
User_374,15,view
User_374,12,buy
User_374,4,view
User_374,12,click
User_374,7,view
User_374,8,buy
User_374,14,buy
User_374,12,buy
User_374,12,view
User_374,16,view
User_375,6,buy
User_375,11,view
User_375,6,click
User_375,20,buy
User_375,12,click
User_375,14,buy
User_375,17,click
User_375,13,view
User_375,8,click
User_375,13,click
User_375,5,buy
User_375,7,view
User_375,5,view
User_376,19,view
User_376,10,buy
User_376,10,click
User_376,19,click
User_376,11,view
User_376,9,buy
User_377,3,click
User_377,20,buy
User_377,1,buy
User_377,11,buy
User_377,13,buy
User_377,3,view
User_377,16,click
User_377,19,buy
User_377,5,view
User_377,5,buy
User_377,2,buy
User_377,15,click
User_377,19,view
User_378,1,view
User_378,8,buy
User_378,10,buy
User_378,9,view
User_378,4,buy
User_378,10,click
User_378,1,click
User_378,20,click
User_378,11,buy
User_379,12,buy
User_379,17,click
User_379,9,view
User_379,1,buy
User_379,12,view
User_379,8,view
User_379,5,click
User_379,1,view
User_379,2,click
User_379,17,click
User_379,11,buy
User_379,19,click
User_379,11,click
User_379,6,view
User_380,1,buy
User_380,19,click
User_380,19,view
User_380,5,buy
User_380,2,view
User_380,11,click
User_380,18,view
User_380,2,buy
User_380,15,view
User_380,3,buy
User_380,9,view
User_380,7,click
User_380,7,click
User_381,18,buy
User_381,12,click
User_381,8,click
User_381,10,view
User_381,14,click
User_381,9,view
User_381,8,buy
User_381,1,buy
User_381,17,view
User_382,1,buy
User_382,19,buy
User_382,5,buy
User_382,10,view
User_382,20,click
User_382,4,view
User_382,9,view
User_382,9,buy
User_382,16,click
User_382,15,click
User_382,7,click
User_382,3,view
User_382,19,view
User_382,16,view
User_383,16,buy
User_383,3,buy
User_383,8,view
User_383,3,buy
User_383,13,click
User_383,10,view
User_383,15,view
User_383,12,view
User_383,10,view
User_383,16,click
User_383,6,click
User_383,16,click
User_383,2,click
User_384,11,click
User_384,11,click
User_384,10,click
User_384,1,view
User_384,14,click
User_384,8,click
User_384,11,click
User_384,4,buy
User_384,11,buy
User_384,11,click
User_384,5,view
User_384,9,buy
User_384,4,click
User_384,3,click
User_384,11,click
User_385,20,view
User_385,20,view
User_385,14,buy
User_385,9,buy
User_385,20,view
User_385,8,buy
User_385,14,view
User_385,17,view
User_385,2,buy
User_386,6,click
User_386,17,view
User_386,3,buy
User_386,2,click
User_386,7,view
User_386,1,click
User_386,2,view
User_386,18,view
User_387,4,click
User_387,20,view
User_387,4,click
User_387,14,click
User_387,16,view
User_387,5,click
User_387,10,click
User_387,16,view
User_387,17,buy
User_387,3,view
User_387,19,view
User_387,1,click
User_388,20,buy
User_388,10,click
User_388,5,click
User_388,13,click
User_388,10,buy
User_388,3,click
User_388,17,click
User_388,15,buy
User_388,12,click
User_388,13,buy
User_388,18,buy
User_388,20,click
User_388,6,view
User_389,9,view
User_389,1,click
User_389,18,view
User_389,11,buy
User_389,16,view
User_390,3,buy
User_390,20,view
User_390,18,click
User_390,6,buy
User_390,4,click
User_390,15,buy
User_390,4,view
User_391,15,view
User_391,7,view
User_391,14,click
User_391,20,buy
User_391,12,click
User_391,19,buy
User_391,17,view
User_391,18,click
User_391,2,buy
User_391,1,click
User_391,8,click
User_391,14,view
User_392,13,view
User_392,4,view
User_392,14,view
User_392,20,view
User_392,14,view
User_392,3,view
User_392,3,click
User_392,20,view
User_392,4,click
User_392,13,buy
User_392,16,buy
User_392,10,view
User_392,5,click
User_392,9,buy
User_393,20,view
User_393,8,view
User_393,15,view
User_393,18,view
User_393,6,view
User_393,4,view
User_393,18,view
User_393,15,click
User_393,3,buy
User_394,15,view
User_394,15,buy
User_394,12,buy
User_394,17,view
User_394,14,view
User_394,5,buy
User_394,13,click
User_394,16,click
User_394,20,click
User_394,10,view
User_394,1,buy
User_395,8,buy
User_395,4,view
User_395,16,view
User_395,4,buy
User_395,14,buy
User_395,18,view
User_395,3,buy
User_395,7,buy
User_395,16,view
User_395,6,view
User_396,1,click
User_396,8,buy
User_396,18,click
User_396,20,buy
User_396,9,click
User_396,9,view
User_396,15,click
User_396,11,buy
User_396,13,view
User_396,6,click
User_396,3,click
User_396,2,view
User_397,1,click
User_397,12,buy
User_397,18,view
User_397,7,view
User_397,7,view
User_398,17,view
User_398,18,click
User_398,18,view
User_398,2,view
User_398,15,view
User_398,2,view
User_398,16,view
User_398,17,click
User_398,16,view
User_399,7,view
User_399,17,buy
User_399,14,view
User_399,13,buy
User_399,19,buy
User_399,12,click
User_399,18,buy
User_399,3,click
User_399,20,click
User_399,13,buy
User_399,12,click
User_399,18,click
User_399,18,click
User_400,3,view
User_400,3,buy
User_400,15,buy
User_400,19,view
User_400,15,click
User_400,20,click
User_400,12,click
User_400,20,click
User_400,10,buy
User_400,4,click
User_400,11,buy
User_401,10,view
User_401,10,buy
User_401,13,buy
User_401,13,view
User_401,2,buy
User_402,6,view
User_402,8,view
User_402,4,click
User_402,11,view
User_402,8,click
User_402,3,click
User_402,15,buy
User_403,11,view
User_403,5,buy
User_403,5,view
User_403,10,view
User_403,16,click
User_404,3,buy
User_404,19,buy
User_404,3,buy
User_404,1,view
User_404,9,view
User_404,2,view
User_404,13,click
User_404,20,buy
User_405,14,view
User_405,13,buy
User_405,2,view
User_405,5,buy
User_405,20,click
User_405,14,click
User_405,5,click
User_405,20,click
User_406,10,view
User_406,4,buy
User_406,16,buy
User_406,9,view
User_406,3,click
User_406,1,view
User_406,3,click
User_406,9,view
User_406,8,buy
User_406,15,buy
User_406,16,buy
User_406,8,click
User_407,2,view
User_407,17,click
User_407,6,click
User_407,4,click
User_407,5,click
User_407,11,view
User_407,19,view
User_407,10,view
User_407,2,buy
User_407,15,click
User_407,12,view
User_407,8,click
User_407,19,view
User_408,19,buy
User_408,15,buy
User_408,14,buy
User_408,14,buy
User_408,12,buy
User_408,19,view
User_408,15,buy
User_408,8,buy
User_409,19,click
User_409,13,view
User_409,15,view
User_409,2,buy
User_409,3,view
User_409,16,view
User_409,13,click
User_409,9,view
User_409,10,buy
User_409,20,buy
User_410,3,click
User_410,20,click
User_410,11,view
User_410,13,buy
User_410,20,buy
User_411,18,view
User_411,15,click
User_411,12,click
User_411,11,click
User_411,1,view
User_411,14,view
User_411,20,click
User_411,19,buy
User_411,15,buy
User_411,2,view
User_411,15,click
User_411,2,buy
User_411,12,click
User_412,11,buy
User_412,2,buy
User_412,3,buy
User_412,9,view
User_412,8,view
User_412,4,click
User_413,18,buy
User_413,9,click
User_413,20,view
User_413,19,click
User_413,10,buy
User_413,5,view
User_413,1,buy
User_413,15,click
User_413,12,click
User_413,7,click
User_414,10,click
User_414,15,view
User_414,15,click
User_414,7,view
User_414,4,buy
User_414,5,buy
User_414,11,view
User_414,11,buy
User_414,5,buy
User_414,7,buy
User_414,19,click
User_414,6,click
User_415,12,view
User_415,14,view
User_415,2,view
User_415,1,view
User_415,19,view
User_415,3,click
User_415,14,buy
User_415,3,view
User_415,11,click
User_415,13,view
User_415,15,buy
User_415,13,click
User_415,13,buy
User_415,12,click
User_415,15,view
User_416,10,click
User_416,3,view
User_416,3,click
User_416,6,buy
User_416,2,view
User_416,6,buy
User_416,3,view
User_416,9,click
User_416,5,buy
User_416,2,buy
User_416,6,click
User_416,13,click
User_416,8,view
User_416,10,click
User_417,1,buy
User_417,17,view
User_417,10,buy
User_417,8,click
User_417,7,buy
User_417,3,click
User_418,12,buy
User_418,14,buy
User_418,3,click
User_418,17,view
User_418,18,buy
User_418,4,view
User_418,10,buy
User_418,3,view
User_418,15,view
User_418,5,click
User_419,18,click
User_419,19,view
User_419,4,buy
User_419,20,view
User_419,18,buy
User_420,13,click
User_420,5,view
User_420,16,buy
User_420,1,buy
User_420,20,click
User_421,13,view
User_421,14,click
User_421,4,buy
User_421,5,click
User_421,20,click
User_421,16,view
User_421,2,view
User_421,16,buy
User_421,3,buy
User_422,20,view
User_422,4,click
User_422,14,view
User_422,10,click
User_422,9,view
User_422,15,buy
User_422,18,click
User_422,16,click
User_422,9,view
User_422,1,buy
User_422,4,click
User_422,13,view
User_423,2,buy
User_423,20,click
User_423,20,view
User_423,1,buy
User_423,19,buy
User_423,8,buy
User_423,13,click
User_423,10,view
User_423,15,click
User_423,11,buy
User_423,8,buy
User_423,16,view
User_423,19,buy
User_423,7,buy
User_423,17,click
User_424,8,buy
User_424,11,view
User_424,12,click
User_424,10,view
User_424,10,buy
User_424,9,view
User_424,16,click
User_424,13,buy
User_424,14,view
User_425,13,view
User_425,4,buy
User_425,4,click
User_425,13,buy
User_425,20,view
User_425,4,click
User_425,10,view
User_425,9,view
User_425,19,buy
User_426,9,buy
User_426,15,view
User_426,7,click
User_426,10,buy
User_426,20,view
User_426,15,view
User_427,5,view
User_427,18,view
User_427,19,buy
User_427,17,click
User_427,5,click
User_427,13,buy
User_427,11,click
User_427,5,buy
User_427,15,view
User_427,19,view
User_427,6,view
User_427,7,buy
User_428,18,buy
User_428,10,click
User_428,20,buy
User_428,1,click
User_428,9,click
User_429,4,click
User_429,6,buy
User_429,7,buy
User_429,17,buy
User_429,17,click
User_429,1,view
User_430,20,buy
User_430,3,view
User_430,15,view
User_430,6,buy
User_430,5,click
User_430,15,buy
User_430,3,view
User_430,10,click
User_430,19,view
User_431,5,click
User_431,4,click
User_431,2,buy
User_431,20,click
User_431,18,buy
User_431,11,buy
User_431,11,view
User_431,18,click
User_432,19,view
User_432,17,click
User_432,9,click
User_432,11,buy
User_432,17,buy
User_432,4,view
User_432,3,view
User_432,15,view
User_432,9,view
User_432,13,view
User_432,7,view
User_432,7,click
User_432,17,click
User_433,8,view
User_433,6,click
User_433,8,buy
User_433,20,click
User_433,17,click
User_433,16,view
User_433,10,buy
User_433,17,view
User_433,1,buy
User_433,8,click
User_433,14,click
User_434,12,view
User_434,16,view
User_434,4,click
User_434,16,buy
User_434,15,click
User_434,16,click
User_434,12,buy
User_435,8,click
User_435,3,buy
User_435,2,click
User_435,19,click
User_435,10,click
User_435,3,view
User_435,5,buy
User_435,7,click
User_436,8,buy
User_436,16,buy
User_436,8,view
User_436,10,buy
User_436,19,view
User_436,16,view
User_437,11,view
User_437,9,buy
User_437,1,view
User_437,10,buy
User_437,12,buy
User_437,15,click
User_437,8,click
User_437,7,view
User_437,6,view
User_437,12,view
User_437,19,buy
User_438,19,view
User_438,11,view
User_438,15,click
User_438,16,view
User_438,1,view
User_438,10,buy
User_439,15,view
User_439,4,view
User_439,9,view
User_439,3,buy
User_439,17,click
User_439,12,buy
User_439,20,view
User_439,13,click
User_439,16,buy
User_439,12,buy
User_439,17,view
User_440,2,buy
User_440,13,buy
User_440,11,buy
User_440,1,view
User_440,2,buy
User_440,1,view
User_440,18,view
User_440,3,click
User_440,18,buy
User_440,8,buy
User_441,11,view
User_441,4,click
User_441,17,click
User_441,8,click
User_441,6,view
User_441,18,click
User_441,14,click
User_441,7,click
User_441,18,view
User_441,8,buy
User_442,6,buy
User_442,7,click
User_442,10,buy
User_442,16,buy
User_442,10,buy
User_442,11,click
User_442,8,view
User_443,1,click
User_443,8,buy
User_443,11,buy
User_443,8,click
User_443,20,view
User_443,4,view
User_443,15,click
User_443,7,buy
User_443,1,view
User_443,18,view
User_443,18,click
User_444,1,buy
User_444,5,buy
User_444,7,click
User_444,4,buy
User_444,19,buy
User_444,11,buy
User_444,3,view
User_444,11,view
User_444,2,buy
User_444,2,buy
User_444,10,view
User_444,18,click
User_445,7,click
User_445,1,buy
User_445,8,view
User_445,17,view
User_445,9,view
User_445,2,view
User_445,5,buy
User_445,20,buy
User_445,5,buy
User_445,12,view
User_445,15,buy
User_445,6,buy
User_445,2,view
User_445,11,click
User_446,11,click
User_446,12,click
User_446,18,view
User_446,5,buy
User_446,15,click
User_446,15,buy
User_446,19,view
User_446,11,buy
User_446,3,buy
User_447,5,buy
User_447,15,view
User_447,12,view
User_447,5,view
User_447,7,click
User_447,8,view
User_448,7,view
User_448,9,buy
User_448,13,buy
User_448,10,click
User_448,20,buy
User_448,16,buy
User_448,19,buy
User_448,8,view
User_448,18,view
User_448,15,buy
User_448,15,click
User_448,10,buy
User_448,12,view
User_449,16,click
User_449,11,view
User_449,16,buy
User_449,17,buy
User_449,12,click
User_449,1,click
User_449,2,view
User_449,13,view
User_449,13,buy
User_449,7,buy
User_450,17,view
User_450,3,view
User_450,19,click
User_450,5,click
User_450,16,click
User_450,5,view
User_451,11,view
User_451,1,buy
User_451,3,buy
User_451,17,view
User_451,20,view
User_451,19,click
User_451,14,click
User_451,8,click
User_451,10,click
User_451,20,buy
User_452,13,view
User_452,12,click
User_452,18,click
User_452,8,view
User_452,18,buy
User_452,1,click
User_452,10,view
User_452,2,click
User_452,16,buy
User_452,8,buy
User_453,17,buy
User_453,8,view
User_453,8,buy
User_453,14,view
User_453,12,view
User_453,2,click
User_453,8,view
User_453,17,view
User_454,7,view
User_454,11,click
User_454,3,click
User_454,6,buy
User_454,19,buy
User_454,18,buy
User_454,10,view
User_454,13,view
User_455,8,view
User_455,19,click
User_455,18,click
User_455,2,view
User_455,13,buy
User_455,2,buy
User_455,8,view
User_455,7,click
User_455,18,view
User_455,3,view
User_455,4,click
User_455,12,click
User_455,13,view
User_456,1,buy
User_456,18,click
User_456,16,click
User_456,8,buy
User_456,7,view
User_456,13,buy
User_457,7,buy
User_457,19,view
User_457,3,view
User_457,4,buy
User_457,12,click
User_457,8,click
User_457,19,buy
User_457,9,view
User_457,16,buy
User_457,18,view
User_457,4,buy
User_457,3,view
User_457,12,view
User_458,6,view
User_458,1,click
User_458,5,buy
User_458,6,buy
User_458,13,click
User_458,16,view
User_458,15,view
User_458,1,buy
User_458,4,view
User_458,18,buy
User_458,10,click
User_458,9,click
User_458,18,view
User_459,13,buy
User_459,4,view
User_459,5,buy
User_459,4,buy
User_459,3,click
User_459,3,view
User_459,16,view
User_460,6,buy
User_460,15,buy
User_460,7,click
User_460,15,buy
User_460,6,view
User_460,13,click
User_460,7,buy
User_460,10,buy
User_461,9,view
User_461,9,view
User_461,17,view
User_461,9,view
User_461,11,buy
User_461,4,click
User_461,4,buy
User_462,2,view
User_462,18,click
User_462,19,view
User_462,20,click
User_462,9,buy
User_462,9,click
User_462,20,click
User_462,10,click
User_462,15,click
User_463,15,buy
User_463,6,buy
User_463,3,view
User_463,19,view
User_463,11,buy
User_463,19,click
User_463,9,click
User_463,18,view
User_463,11,click
User_463,9,click
User_463,12,buy
User_464,4,click
User_464,4,click
User_464,19,view
User_464,1,buy
User_464,3,view
User_464,12,click
User_464,20,view
User_464,14,buy
User_465,18,buy
User_465,3,buy
User_465,19,buy
User_465,7,buy
User_465,19,buy
User_465,8,click
User_465,16,view
User_465,20,click
User_465,8,buy
User_465,20,click
User_466,5,buy
User_466,12,view
User_466,6,click
User_466,16,click
User_466,8,click
User_466,12,view
User_466,10,view
User_466,16,buy
User_467,3,view
User_467,3,buy
User_467,19,buy
User_467,5,click
User_467,13,buy
User_467,14,view
User_467,9,view
User_467,2,buy
User_467,12,view
User_467,2,view
User_467,6,buy
User_467,7,click
User_468,5,buy
User_468,3,click
User_468,11,view
User_468,14,buy
User_468,12,view
User_468,3,buy
User_468,13,view
User_468,11,buy
User_468,15,buy
User_468,6,buy
User_468,20,click
User_468,15,click
User_468,1,click
User_469,18,view
User_469,11,buy
User_469,4,buy
User_469,5,buy
User_469,13,view
User_469,12,buy
User_469,14,view
User_469,16,buy
User_469,14,click
User_469,13,buy
User_469,17,buy
User_470,7,click
User_470,10,click
User_470,17,click
User_470,13,buy
User_470,14,view
User_470,5,click
User_470,12,view
User_470,1,click
User_470,15,buy
User_470,12,click
User_471,18,click
User_471,8,buy
User_471,2,click
User_471,10,click
User_471,3,buy
User_471,12,buy
User_471,9,buy
User_471,5,buy
User_471,16,click
User_471,13,view
User_471,10,view
User_471,1,buy
User_471,1,buy
User_471,17,buy
User_471,13,buy
User_472,15,view
User_472,16,buy
User_472,9,view
User_472,7,click
User_472,10,view
User_472,3,buy
User_472,7,buy
User_472,13,view
User_472,16,click
User_472,1,view
User_472,7,buy
User_473,3,view
User_473,1,buy
User_473,5,view
User_473,3,buy
User_473,5,view
User_473,13,view
User_474,12,view
User_474,5,buy
User_474,3,buy
User_474,4,click
User_474,20,click
User_474,7,click
User_474,16,click
User_474,5,view
User_474,6,buy
User_475,4,click
User_475,4,click
User_475,12,buy
User_475,5,click
User_475,6,buy
User_475,10,view
User_475,6,view
User_475,14,click
User_476,18,view
User_476,14,view
User_476,19,click
User_476,18,click
User_476,16,click
User_476,4,view
User_476,1,click
User_476,7,view
User_476,6,buy
User_477,17,view
User_477,15,buy
User_477,12,view
User_477,2,buy
User_477,12,click
User_477,17,view
User_477,10,click
User_477,6,click
User_477,19,buy
User_477,17,buy
User_478,6,view
User_478,14,click
User_478,18,click
User_478,9,click
User_478,16,view
User_478,15,click
User_478,4,buy
User_478,7,click
User_478,2,buy
User_478,1,view
User_478,2,click
User_478,6,buy
User_478,1,click
User_478,19,click
User_479,3,click
User_479,11,buy
User_479,19,click
User_479,18,click
User_479,20,click
User_479,13,click
User_479,18,click
User_479,18,click
User_480,15,buy
User_480,19,buy
User_480,12,click
User_480,7,buy
User_480,19,click
User_480,14,buy
User_480,14,view
User_480,12,view
User_481,3,view
User_481,10,click
User_481,8,buy
User_481,17,buy
User_481,11,click
User_481,12,click
User_481,17,buy
User_481,15,click
User_481,8,buy
User_481,8,view
User_481,19,view
User_481,4,view
User_481,2,buy
User_482,4,click
User_482,17,buy
User_482,9,click
User_482,18,buy
User_482,13,view
User_482,10,buy
User_482,2,view
User_482,17,view
User_483,14,view
User_483,20,click
User_483,2,view
User_483,19,buy
User_483,4,buy
User_483,10,buy
User_483,11,buy
User_483,3,click
User_483,18,click
User_483,6,buy
User_484,17,click
User_484,18,view
User_484,6,view
User_484,20,view
User_484,4,buy
User_484,5,view
User_485,16,click
User_485,12,click
User_485,3,buy
User_485,11,buy
User_485,9,view
User_485,6,click
User_485,10,click
User_486,1,view
User_486,16,click
User_486,4,click
User_486,17,buy
User_486,11,buy
User_486,20,view
User_486,14,buy
User_486,6,view
User_486,7,view
User_486,14,buy
User_486,5,buy
User_486,15,click
User_486,5,click
User_486,5,buy
User_487,17,view
User_487,18,click
User_487,8,buy
User_487,9,click
User_487,4,click
User_487,12,click
User_487,6,click
User_487,18,view
User_488,13,view
User_488,11,view
User_488,12,buy
User_488,1,view
User_488,6,click
User_488,2,view
User_489,5,buy
User_489,3,view
User_489,3,click
User_489,17,click
User_489,9,click
User_489,20,buy
User_489,9,view
User_489,20,buy
User_489,6,view
User_489,6,buy
User_489,8,view
User_489,14,view
User_489,8,buy
User_490,16,view
User_490,4,click
User_490,15,buy
User_490,19,view
User_490,1,click
User_490,1,view
User_490,7,buy
User_490,14,buy
User_491,15,view
User_491,19,buy
User_491,18,click
User_491,3,buy
User_491,10,click
User_491,15,view
User_491,1,view
User_491,18,view
User_491,7,click
User_491,11,view
User_491,1,buy
User_491,11,view
User_491,3,view
User_491,1,click
User_492,11,buy
User_492,17,buy
User_492,12,click
User_492,4,buy
User_492,2,click
User_492,6,buy
User_492,4,buy
User_493,15,buy
User_493,11,click
User_493,6,view
User_493,17,view
User_493,10,click
User_493,17,buy
User_493,12,buy
User_493,20,view
User_493,18,click
User_493,15,buy
User_493,19,buy
User_493,6,buy
User_494,8,view
User_494,10,view
User_494,3,view
User_494,5,view
User_494,1,buy
User_495,20,click
User_495,2,view
User_495,13,click
User_495,13,buy
User_495,9,click
User_495,11,click
User_495,1,view
User_495,14,view
User_495,12,click
User_495,3,buy
User_495,15,click
User_495,11,click
User_495,14,click
User_495,5,click
User_495,1,view
User_496,2,view
User_496,4,buy
User_496,5,view
User_496,4,buy
User_496,12,buy
User_496,11,view
User_496,17,click
User_496,11,click
User_496,1,click
User_497,3,buy
User_497,10,click
User_497,19,buy
User_497,12,click
User_497,14,click
User_497,17,buy
User_497,6,view
User_497,5,view
User_497,18,click
User_497,7,view
User_497,10,click
User_497,10,buy
User_497,11,buy
User_497,5,view
User_498,5,view
User_498,4,buy
User_498,12,view
User_498,6,buy
User_498,8,click
User_498,18,view
User_498,8,view
User_498,5,buy
User_498,16,buy
User_498,1,buy
User_499,1,click
User_499,20,click
User_499,10,view
User_499,3,view
User_499,15,click
User_499,13,buy
User_500,19,buy
User_500,2,click
User_500,1,view
User_500,2,buy
User_500,8,buy
User_500,9,view
User_500,11,buy
User_500,20,click
User_500,2,buy
User_500,17,click
User_500,13,view
